housenumber,streetname,zip,boro,registrationid,lastregistrationdate,registrationenddate,bbl,bin,hpdbuildingid,hpdbuildings,corpnames,businessaddrs,ownernames,allcontacts,totalviolations,openviolations,totalcomplaints,recentcomplaints,recentcomplaintsbytype,unitsres,yearbuilt,council,lat,lng,evictions,rsunits2007,rsunitslatest,rsunitslatestyear,rsdiff,yearstartedj51,yearstarted421a,lastsaleacrisid,lastsaledate,lastsaleamount,evictionfilings
200,EAST SIXTH STREET,10003,MANHATTAN,143987,2024-10-16,2025-09-01,1004610006,1090311,966428,1,New York University,10 ASTOR PLACE 7FLOOR 10003,"Thomas Ching (SiteManager), Thomas Ching (Agent), Linda Chiarelli (HeadOfficer), David Alonso (Officer)","Thomas Ching (Agent), 10 ASTOR PLACE 7FLOOR NEW YORK, NY 10003; Linda Chiarelli (HeadOfficer), 10 ASTOR PLACE 7FLOOR NEW YORK, NY 10003; David Alonso (Officer), 10 ASTOR PLACE 7FLOOR NEW YORK, NY 10003; Thomas Ching (SiteManager); New York University (Corporation), 10 ASTOR PLACE 7FLOOR NEW YORK, NY 10003",1,0,3,0,,0,2014,2,40.7280749,-73.9906409,,,,2022,,,,2010010601156003,2009-12-31,7926432,
38,EAST SEVENTH STREET,10003,MANHATTAN,142251,2024-09-06,2025-09-01,1004620018,1006649,11175,1,NEW YORK UNIVERSITY,10 ASTOR PLACE 7FLOOR 10003; 10 ASTOR PLACE 6FLOOR 10003,"THOMAS CHING (Agent), THOMAS CHING (SiteManager), DAVID ALONSO (Officer), LINDA CHIARELLLI (HeadOfficer)","THOMAS CHING (Agent), 10 ASTOR PLACE 7FLOOR NEW YORK, NY 10003; LINDA CHIARELLLI (HeadOfficer), 10 ASTOR PLACE 7FLOOR NEW YORK, NY 10003; DAVID ALONSO (Officer), 10 ASTOR PLACE 6FLOOR NEW YORK, NY 10003; THOMAS CHING (SiteManager); NEW YORK UNIVERSITY (Corporation), 10 ASTOR PLACE 7FLOOR NEW YORK, NY 10003",5,0,2,1,HEAT/HOT WATER (1),0,1920,2,40.7280637,-73.9888694,,,,2022,,,,,,,
31,THIRD AVENUE,10003,MANHATTAN,140423,2024-09-06,2025-09-01,1004650001,1006764,2182,1,NEW YORK UNIVERSITY,10 ASTOR PLACE 6FLOOR 10003; 10 ASTOR PLACE 7FLOOR 10003,"DAVID ALONSO (Officer), THOMAS CHING (SiteManager), LINDA CHIARELLI (HeadOfficer), THOMAS CHING (Agent)","THOMAS CHING (Agent), 10 ASTOR PLACE 7FLOOR NEW YORK, NY 10003; LINDA CHIARELLI (HeadOfficer), 10 ASTOR PLACE 7FLOOR NEW YORK, NY 10003; DAVID ALONSO (Officer), 10 ASTOR PLACE 6FLOOR NEW YORK, NY 10003; THOMAS CHING (SiteManager); NEW YORK UNIVERSITY (Corporation), 10 ASTOR PLACE 7FLOOR NEW YORK, NY 10003",6,0,10,8,"MOLD (4), DOOR/WINDOW (1), HEAT/HOT WATER (1), WATER LEAK (1), PAINT/PLASTER (1)",0,1986,2,40.7302595,-73.9889737,,,,2022,,,,,,,
67,THIRD AVENUE,10003,MANHATTAN,140688,2024-09-06,2025-09-01,1004670001,1006826,2338,1,NEW YORK UNIVERSITY,10 ASTOR PLACE 7FLOOR 10003; 10 ASTOR PLACE 6FLOOR 10003,"THOMAS CHING (Agent), THOMAS CHING (SiteManager), DAVID ALONSO (Officer), LINDA CHIARELLI (HeadOfficer)","THOMAS CHING (Agent), 10 ASTOR PLACE 7FLOOR NEW YORK, NY 10003; LINDA CHIARELLI (HeadOfficer), 10 ASTOR PLACE 7FLOOR NEW YORK, NY 10003; DAVID ALONSO (Officer), 10 ASTOR PLACE 6FLOOR NEW YORK, NY 10003; THOMAS CHING (SiteManager); NEW YORK UNIVERSITY (Corporation), 10 ASTOR PLACE 7FLOOR NEW YORK, NY 10003; NEW YORK UNIVERSITY (Corporation), 10 ASTOR PLACE 7FLOOR NEW YORK, NY 10003",5,0,4,0,,0,1988,2,40.7314754,-73.9879452,,,,2022,,,,,,,
100,BLEECKER STREET,10012,MANHATTAN,141067,2019-09-05,2020-11-01,1005240066,1008243,7037,3,NEW YORK UNIVERSITY,70 WASHINGTON SQUARE 10012; 2 WASH SQ VILLAGE 1T 10012; 10 ASTOR PLACE 6FLOOR 10003; 10 ASTOR PLACE 7 10003,"ANGEL PERLAZA (SiteManager), ANGEL PERLAZA (Agent), DAVID ALONSO (Officer), LINDA CHIARELLI (HeadOfficer)","ANGEL PERLAZA (Agent), 2 WASH SQ VILLAGE 1T NEW YORK, NY 10012; LINDA CHIARELLI (HeadOfficer), 10 ASTOR PLACE 7 NEW YORK, NY 10003; DAVID ALONSO (Officer), 10 ASTOR PLACE 6FLOOR NEW YORK, NY 10003; ANGEL PERLAZA (SiteManager); NEW YORK UNIVERSITY (Corporation), 2 WASH SQ VILLAGE 1T NEW YORK, NY 10012; NEW YORK UNIVERSITY (Corporation), 70 WASHINGTON SQUARE NEW YORK, NY 10012",37,31,26,14,"HEAT/HOT WATER (8), WATER LEAK (3), PAINT/PLASTER (2), ELEVATOR (1)",0,1967,2,40.7267934,-73.9979543,,,,2022,,,,,,,
246,MERCER STREET,10012,MANHATTAN,141999,2023-09-11,2024-09-30,1005320008,1066869,25442,1,NEW YORK UNIVERSITY,70 WASHINGTON SQ SOUTH 1206 10012; 10 ASTOR PLACE 7FLOOR 10003; 110 WEST THIRD STREET 106 10012; 10 ASTOR PLACE 6 10003,"JONATHAN LIBUTTI (SiteManager), LINDA CHIARELLI (HeadOfficer), JONATHAN LIBUTTI (Agent), DAVID ALONSO (Officer)","JONATHAN LIBUTTI (Agent), 110 WEST THIRD STREET 106 NEW YORK, NY 10012; LINDA CHIARELLI (HeadOfficer), 10 ASTOR PLACE 7FLOOR NEW YORK, NY 10003; DAVID ALONSO (Officer), 10 ASTOR PLACE 6 NEW YORK, NY 10003; JONATHAN LIBUTTI (SiteManager); NEW YORK UNIVERSITY (Corporation), 110 WEST THIRD STREET 106 NEW YORK, NY 10012; NEW YORK UNIVERSITY (Corporation), 70 WASHINGTON SQ SOUTH 1206 NEW YORK, NY 10012",8,3,14,11,"HEAT/HOT WATER (10), PESTS (1)",0,1981,2,40.7277101,-73.9954468,,,,2022,,,,,,,
3,WASHINGTON SQUARE VILLAGE,10012,MANHATTAN,138043,2024-09-06,2025-09-01,1005330001,1077835,806017,4,NEW YORK UNIVERSITY,2 WASHINGTON SQUARE VILLAGE 1T 10012; 10 ASTOR PLACE 7 10003; 10 ASTOR PLACE 6 10003; 70 WASHINGTON SQUARE 10012,"ANGEL PERLAZA (SiteManager), ANGEL PERLAZA (Agent), LINDA CHIARELLI (HeadOfficer), DAVID ALONSO (Officer)","ANGEL PERLAZA (Agent), 2 WASHINGTON SQUARE VILLAGE 1T NEW YORK, NY 10012; LINDA CHIARELLI (HeadOfficer), 10 ASTOR PLACE 7 NEW YORK, NY 10003; DAVID ALONSO (Officer), 10 ASTOR PLACE 6 NEW YORK, NY 10003; ANGEL PERLAZA (SiteManager); NEW YORK UNIVERSITY (Corporation), 70 WASHINGTON SQUARE NEW YORK, NY 10012; NEW YORK UNIVERSITY (Corporation), 2 WASHINGTON SQUARE VILLAGE 1T NEW YORK, NY 10012",74,55,160,10,"HEAT/HOT WATER (5), PLUMBING (2), MOLD (2), PESTS (1)",1904,1959,2,40.7280752,-73.9971966,2,469,0,2022,-469,,,,,,8
110,WEST THIRD STREET,10012,MANHATTAN,142571,2023-09-11,2024-09-30,1005400014,1008701,859194,2,NEW YORK UNIVERSITY,70 WASHINGTON SQUARE 1206 10012; 10 ASTOR PLACE 6 10003; 110 WEST THIRD STREET 106 10012; 10 ASTOR PLACE 7FLOOR 10003,"JONATHAN LIBUTTI (SiteManager), DAVID ALONSO (Officer), JONATHAN LIBUTTI (Agent), LINDA CHIARELLI (HeadOfficer)","JONATHAN LIBUTTI (Agent), 110 WEST THIRD STREET 106 NEW YORK, NY 10012; LINDA CHIARELLI (HeadOfficer), 10 ASTOR PLACE 7FLOOR NEW YORK, NY 10003; DAVID ALONSO (Officer), 10 ASTOR PLACE 6 NEW YORK, NY 10003; JONATHAN LIBUTTI (SiteManager); NEW YORK UNIVERSITY (Corporation), 110 WEST THIRD STREET 106 NEW YORK, NY 10012; NEW YORK UNIVERSITY (Corporation), 70 WASHINGTON SQUARE 1206 NEW YORK, NY 10012",27,18,18,5,HEAT/HOT WATER (5),138,1852,2,40.7300871,-73.9999206,,,,2022,,,,,,,0
237,THOMPSON STREET,10012,MANHATTAN,142527,2012-08-22,2013-09-15,1005417501,1086188,859476,1,NEW YORK UNIVERSITY,70 WASHINGTON SQ SOUTH 1206 10012; 10 ASTOR PLACE 6FLOOR 10003; 10 ASTOR PLACE 7FLOOR 10012; 245 SULLIVAN LC20 10012,"DAVID ALONSO (Officer), ANDREW LAWN (SiteManager), ALISON LEARY (HeadOfficer), ANDREW LAWN (Agent)","ANDREW LAWN (Agent), 245 SULLIVAN LC20 NEW YORK, NY 10012; ALISON LEARY (HeadOfficer), 10 ASTOR PLACE 7FLOOR NEW YORK, NY 10012; DAVID ALONSO (Officer), 10 ASTOR PLACE 6FLOOR NEW YORK, NY 10003; ANDREW LAWN (SiteManager); NEW YORK UNIVERSITY (Corporation), 70 WASHINGTON SQ SOUTH 1206 NEW YORK, NY 10012; NEW YORK UNIVERSITY (Corporation), 245 SULLIVAN LC20 NEW YORK, NY 10012",15,15,0,0,,0,2002,2,40.7300515,-73.998831,,,,2022,,,,,,,
139,MAC DOUGAL STREET,10012,MANHATTAN,100212,2013-09-19,2014-09-01,1005430053,1008760,24486,1,CUSHMAN & WAKEFIELD; NYU SCHOOL OF LAW FOUNDATION,2 WASHINGTON SQ VILLAGE 10 10012; 40 WASHINGTON SQUARE SOUTH 10012; 70 WASHINGTON SQ SOUTH 10012; 10 ASTOR PLACE 6FLOOR 10012; 10 ASTOR PLACE 7FLOOR 10003,"LARRY AYALA (Agent), RICHARD REUESZ (Lessee), DAVID ALONSO (Officer), ALISON LEARY (HeadOfficer), PETER BURKE (SiteManager)","LARRY AYALA (Agent), 2 WASHINGTON SQ VILLAGE 10 NEW YORK, NY 10012; ALISON LEARY (HeadOfficer), 10 ASTOR PLACE 7FLOOR NEW YORK, NY 10003; RICHARD REUESZ (Lessee), 40 WASHINGTON SQUARE SOUTH NEW YORK, NY 10012; DAVID ALONSO (Officer), 10 ASTOR PLACE 6FLOOR NEW YORK, NY 10012; PETER BURKE (SiteManager); CUSHMAN & WAKEFIELD (Corporation), 2 WASHINGTON SQ VILLAGE 10 NEW YORK, NY 10012; NYU SCHOOL OF LAW FOUNDATION (Corporation), 70 WASHINGTON SQ SOUTH NEW YORK, NY 10012; NYU SCHOOL OF LAW FOUNDATION (Corporation), 40 WASHINGTON SQUARE SOUTH NEW YORK, NY 10012",5,0,4,0,,0,2011,2,40.7308831,-74.0000289,,25,0,2022,-25,,,,,,
80,WASHINGTON SQUARE EAST,10003,MANHATTAN,140776,2024-09-06,2025-09-01,1005460001,1076069,805426,1,NEW YORK UNIVERSITY,10 ASTOR PLACE 7FLOOR 10003; 10 ASTOR PLACE 6FLOOR 10003; 10 ASTOR PLACE 10003,"THOMAS CHING (SiteManager), LINDA CHIARELLI (HeadOfficer), DAVID ALONSO (Officer), THOMAS CHING (Agent)","THOMAS CHING (Agent), 10 ASTOR PLACE 7FLOOR NEW YORK, NY 10003; LINDA CHIARELLI (HeadOfficer), 10 ASTOR PLACE 7FLOOR NEW YORK, NY 10003; DAVID ALONSO (Officer), 10 ASTOR PLACE 6FLOOR NEW YORK, NY 10003; THOMAS CHING (SiteManager); NEW YORK UNIVERSITY (Corporation), 10 ASTOR PLACE NEW YORK, NY 10003; NEW YORK UNIVERSITY (Corporation), 10 ASTOR PLACE 7FLOOR NEW YORK, NY 10003",0,0,2,0,,93,1900,2,40.7296397,-73.9961827,,,,2022,,,,,,,0
12,WASHINGTON PLACE,10003,MANHATTAN,125804,2024-09-06,2025-09-01,1005460015,1008812,29181,1,NEW YORK UNIVERSITY,70 WASHINGTON SQ SOUTH 10012; 2 WASHINGTON SQUARE VILLAGE 1T 10012; 10 ASTOR PLACE 7FLOOR 10003; 10 ASTOR PLACE 6FLOOR 10003,"ANGEL PERLAZA (Agent), LINDA CHIARELLI (HeadOfficer), DAVID ALONSO (Officer), ANGEL PERLAZA (SiteManager)","ANGEL PERLAZA (Agent), 2 WASHINGTON SQUARE VILLAGE 1T NEW YORK, NY 10012; LINDA CHIARELLI (HeadOfficer), 10 ASTOR PLACE 7FLOOR NEW YORK, NY 10003; DAVID ALONSO (Officer), 10 ASTOR PLACE 6FLOOR NEW YORK, NY 10003; ANGEL PERLAZA (SiteManager); NEW YORK UNIVERSITY (Corporation), 2 WASHINGTON SQUARE VILLAGE 1T NEW YORK, NY 10012; NEW YORK UNIVERSITY (Corporation), 70 WASHINGTON SQ SOUTH NEW YORK, NY 10012",21,14,28,18,"CABINET (3), PLUMBING (3), PAINT/PLASTER (3), HEAT/HOT WATER (3), FLOORING/STAIRS (2), APPLIANCE (1), GARBAGE/RECYCLING STORAGE (1), VENTILATION SYSTEM (1), MOLD (1)",151,1931,2,40.7294667,-73.9952229,,51,51,2022,0,,,,,,8
9,WASHINGTON PLACE,10003,MANHATTAN,112770,2024-09-06,2025-09-01,1005470020,1008828,29191,1,NEW YORK UNIVERSITY; NYU REAL ESTATE CORP,10 ASTOR PLACE 7FLOOR 10003; 10 ASTOR PLACE 6FLOOR 10003; 2 WASHINGTON SQ VILLAGE 1T 10012; 70 WASHINGTON SQUARE 10003,"ANGEL PERLAZA (SiteManager), LINDA CHIARELLI (HeadOfficer), DAVID ALONSO (Officer), ANGEL PERLAZA (Agent)","ANGEL PERLAZA (Agent), 2 WASHINGTON SQ VILLAGE 1T NEW YORK, NY 10012; LINDA CHIARELLI (HeadOfficer), 10 ASTOR PLACE 7FLOOR NEW YORK, NY 10003; DAVID ALONSO (Officer), 10 ASTOR PLACE 6FLOOR NEW YORK, NY 10003; ANGEL PERLAZA (SiteManager); NEW YORK UNIVERSITY (Corporation), 2 WASHINGTON SQ VILLAGE 1T NEW YORK, NY 10012; NYU REAL ESTATE CORP (Corporation), 70 WASHINGTON SQUARE NEW YORK, NY 10003",14,9,19,18,"HEAT/HOT WATER (15), ELEVATOR (1), ELECTRIC (1), GARBAGE/RECYCLING STORAGE (1)",0,1941,2,40.7297824,-73.9947719,,18,0,2022,-18,,,,,,
5,UNIVERSITY PLACE,10003,MANHATTAN,138728,2024-09-06,2025-09-01,1005480004,1080105,28810,1,NEW YORK UNIVERSITY,10 ASTOR PLACE 6FLOOR 10003; 10 ASTOR PLACE 7FLOOR 10003,"THOMAS CHING (SiteManager), DAVID ALONSO (Officer), LINDA CHIARELLI (HeadOfficer), THOMAS CHING (Agent)","THOMAS CHING (Agent), 10 ASTOR PLACE 7FLOOR NEW YORK, NY 10003; LINDA CHIARELLI (HeadOfficer), 10 ASTOR PLACE 7FLOOR NEW YORK, NY 10003; DAVID ALONSO (Officer), 10 ASTOR PLACE 6FLOOR NEW YORK, NY 10003; THOMAS CHING (SiteManager); NEW YORK UNIVERSITY (Corporation), 10 ASTOR PLACE 7FLOOR NEW YORK, NY 10003",5,0,0,0,,0,1962,2,40.7309461,-73.9948079,,,,2022,,,,,,,
36,EAST EIGHTH STREET,10003,MANHATTAN,107705,2024-09-06,2025-09-01,1005480012,1008834,11262,1,N Y U REAL ESTATE CORP; NEW YORK UNIVERSITY,70 WASHINGTON SQ SOUTH 10012; 2 WASHINGTON SQ VILLAGE 1T 10012; 10 ASTOR PLACE 6FLOOR 10003; 10 ASTOR PLACE 7FLOOR 10003,"ANGEL PERLAZA (Agent), DAVID ALONSO (Officer), LINDA CHIARELLI (HeadOfficer), ANGEL PERLAZA (SiteManager)","ANGEL PERLAZA (Agent), 2 WASHINGTON SQ VILLAGE 1T NEW YORK, NY 10012; LINDA CHIARELLI (HeadOfficer), 10 ASTOR PLACE 7FLOOR NEW YORK, NY 10003; DAVID ALONSO (Officer), 10 ASTOR PLACE 6FLOOR NEW YORK, NY 10003; ANGEL PERLAZA (SiteManager); NEW YORK UNIVERSITY (Corporation), 2 WASHINGTON SQ VILLAGE 1T NEW YORK, NY 10012; N Y U REAL ESTATE CORP (Corporation), 70 WASHINGTON SQ SOUTH NEW YORK, NY 10012",5,0,48,0,,7,1940,2,40.7311849,-73.9944326,,1,1,2022,0,,,,,,
14A,WASHINGTON MEWS,10003,MANHATTAN,139626,2022-10-11,2023-09-01,1005500001,1080107,867891,1,NEW YORK UNIVERSITY; NYU REAL ESTATE CORP,10 ASTOR PLACE 6FLOOR 10003; 10 ASTOR PLACE 7FLOOR 10003; 2 WASHINGTON SQ VILLAGE 1T 10012; 70 WASHINGTON SQ SOUTH 10012,"DAVID ALONSO (Officer), LINDA CHIARELLI (HeadOfficer), ANGEL PERLAZA (Agent), ANGEL PERLAZA (SiteManager)","ANGEL PERLAZA (Agent), 2 WASHINGTON SQ VILLAGE 1T NEW YORK, NY 10012; LINDA CHIARELLI (HeadOfficer), 10 ASTOR PLACE 7FLOOR NEW YORK, NY 10003; DAVID ALONSO (Officer), 10 ASTOR PLACE 6FLOOR NEW YORK, NY 10003; ANGEL PERLAZA (SiteManager); NEW YORK UNIVERSITY (Corporation), 2 WASHINGTON SQ VILLAGE 1T NEW YORK, NY 10012; NYU REAL ESTATE CORP (Corporation), 70 WASHINGTON SQ SOUTH NY, NY 10012",5,1,4,0,,0,1900,2,40.7310807,-73.995562,,,,2022,,,,,,,
7,WASHINGTON SQUARE NORTH,10003,MANHATTAN,107707,2024-09-06,2025-09-01,1005500013,1078085,805427,1,NYU REAL ESTATE CORP; NEW YORK UNIVERSITY,70 WASHINGTON SQ SOUTH 10012; 2 WASHINGTON SQ VILLAGE 1T 10003; 10 ASTOR PLACE 7FLOOR 10003; 10 ASTOR PLACE 6FLOOR 10003,"ANGEL PERLAZA (SiteManager), ANGEL PERLAZA (Agent), LINDA CHIARELLI (HeadOfficer), DAVID ALONSO (Officer)","ANGEL PERLAZA (Agent), 2 WASHINGTON SQ VILLAGE 1T NEW YORK, NY 10003; LINDA CHIARELLI (HeadOfficer), 10 ASTOR PLACE 7FLOOR NEW YORK, NY 10003; DAVID ALONSO (Officer), 10 ASTOR PLACE 6FLOOR NEW YORK, NY 10003; ANGEL PERLAZA (SiteManager); NEW YORK UNIVERSITY (Corporation), 2 WASHINGTON SQ VILLAGE 1T NEW YORK, NY 10003; NYU REAL ESTATE CORP (Corporation), 70 WASHINGTON SQ SOUTH NEW YORK, NY 10012",3,0,0,0,,92,1932,2,40.7314155,-73.9962908,,16,0,2022,-16,,,,,,0
6,EAST EIGHTH STREET,10003,MANHATTAN,107711,2024-09-06,2025-09-01,1005500024,1008848,11284,1,NEW YORK UNIVERSITY,10 ASTOR PLACE 7FLOOR 10003; 2 WASHINGTON SQ VILLAGE 1T 10012; 70 WSHINGTON SQ SOUTH 10012; 10 ASTOR PLACE 6FLOOR 10003,"LINDA CHIARELLI (HeadOfficer), ANGEL PERLAZA (Agent), DAVID ALONSO (Officer), ANGEL PERLAZA (SiteManager)","ANGEL PERLAZA (Agent), 2 WASHINGTON SQ VILLAGE 1T NEW YORK, NY 10012; LINDA CHIARELLI (HeadOfficer), 10 ASTOR PLACE 7FLOOR NEW YORK, NY 10003; DAVID ALONSO (Officer), 10 ASTOR PLACE 6FLOOR NEW YORK, NY 10003; ANGEL PERLAZA (SiteManager); NEW YORK UNIVERSITY (Corporation), 2 WASHINGTON SQ VILLAGE 1T NEW YORK, NY 10012; NEW YORK UNIVERSITY (Corporation), 70 WSHINGTON SQ SOUTH NEW YORK, NY 10012",5,0,3,0,,11,1930,2,40.7318108,-73.9958506,,0,1,2022,1,,,,,,0
12,EAST EIGHTH STREET,10003,MANHATTAN,107710,2024-09-06,2025-09-01,1005500027,1077900,11224,1,NEW YORK UNIVERSITY,10 ASTOR PLACE 6FLOOR 10003; 2 WASHINGTON SQ VILLAGE 1T 10012; 10 ASTOR PLACE 7FLOOR 10003; 70 WASHINGTON SQ SOUTH 10012,"DAVID ALONSO (Officer), ANGEL PERLAZA (Agent), ANGEL PERLAZA (SiteManager), LINDA CHIARELLI (HeadOfficer)","ANGEL PERLAZA (Agent), 2 WASHINGTON SQ VILLAGE 1T NEW YORK, NY 10012; LINDA CHIARELLI (HeadOfficer), 10 ASTOR PLACE 7FLOOR NEW YORK, NY 10003; DAVID ALONSO (Officer), 10 ASTOR PLACE 6FLOOR NEW YORK, NY 10003; ANGEL PERLAZA (SiteManager); NEW YORK UNIVERSITY (Corporation), 2 WASHINGTON SQ VILLAGE 1T NEW YORK, NY 10012; NEW YORK UNIVERSITY (Corporation), 70 WASHINGTON SQ SOUTH NEW YORK, NY 10012",6,0,0,0,,4,1930,2,40.7316735,-73.9956377,,2,0,2022,-2,,,,,,
16,EAST EIGHTH STREET,10003,MANHATTAN,107712,2024-09-06,2025-09-01,1005500029,1077902,11225,1,NYU REAL ESTATE CORP; NEW YORK UNIVERSITY,70 WASHINGTON SQ SOUTH 10012; 10 ASTOR PLACE 6FLOOR 10003; 10 ASTOR PLACE 7FLOOR 10003; 2 WASHINGTON SQ VILLAGE 1T 10012,"ANGEL PERLAZA (SiteManager), DAVID ALONSO (Officer), LINDA CHIARELLI (HeadOfficer), ANGEL PERLAZA (Agent)","ANGEL PERLAZA (Agent), 2 WASHINGTON SQ VILLAGE 1T NEW YORK, NY 10012; LINDA CHIARELLI (HeadOfficer), 10 ASTOR PLACE 7FLOOR NEW YORK, NY 10003; DAVID ALONSO (Officer), 10 ASTOR PLACE 6FLOOR NEW YORK, NY 10003; ANGEL PERLAZA (SiteManager); NEW YORK UNIVERSITY (Corporation), 2 WASHINGTON SQ VILLAGE 1T NEW YORK, NY 10012; NYU REAL ESTATE CORP (Corporation), 70 WASHINGTON SQ SOUTH NEW YORK, NY 10012",4,0,4,0,,1,1930,2,40.7316241,-73.9955187,,0,10,2022,10,,,,,,
18,EAST EIGHTH STREET,10003,MANHATTAN,107709,2024-09-06,2025-09-01,1005500030,1083507,11226,1,NYU REAL ESATE CORP; NEW YORK UNIVERSITY,70 WASHINGTON SQ SOUTH 10012; 2 WASHINGTON SQ VILLAGE 1T 10012; 10 ASTOR PLACE 7FLOOR 10003; 10 ASTOR PLACE 6FLOOR 10003,"ANGEL PERLAZA (Agent), LINDA CHIARELLI (HeadOfficer), DAVID ALONSO (Officer), ANGEL PERLAZA (SiteManager)","ANGEL PERLAZA (Agent), 2 WASHINGTON SQ VILLAGE 1T NEW YORK, NY 10012; LINDA CHIARELLI (HeadOfficer), 10 ASTOR PLACE 7FLOOR NEW YORK, NY 10003; DAVID ALONSO (Officer), 10 ASTOR PLACE 6FLOOR NEW YORK, NY 10003; ANGEL PERLAZA (SiteManager); NEW YORK UNIVERSITY (Corporation), 2 WASHINGTON SQ VILLAGE 1T NEW YORK, NY 10012; NYU REAL ESATE CORP (Corporation), 70 WASHINGTON SQ SOUTH NEW YORK, NY 10012",4,0,0,0,,0,1900,2,40.7315747,-73.9954032,,,,2022,,,,,,,
22,EAST EIGHTH STREET,10003,MANHATTAN,107708,2024-09-06,2025-09-01,1005500032,1077877,11227,1,NEW YORK UNIVERSITY; NYU REAL ESTATE CORP,10 ASTOR PLACE 6FLOOR 10003; 2 WASHINGTON SQ VILLAGE 1T 10012; 10 ASTOR PLACE 7FLOOR 10003; 70 WASHINGTON SQ SOUTH 10012,"DAVID ALONSO (Officer), ANGEL PERLAZA (Agent), LINDA CHIARELLI (HeadOfficer), ANGEL PERLAZA (SiteManager)","ANGEL PERLAZA (Agent), 2 WASHINGTON SQ VILLAGE 1T NEW YORK, NY 10012; LINDA CHIARELLI (HeadOfficer), 10 ASTOR PLACE 7FLOOR NEW YORK, NY 10003; DAVID ALONSO (Officer), 10 ASTOR PLACE 6FLOOR NEW YORK, NY 10003; ANGEL PERLAZA (SiteManager); NEW YORK UNIVERSITY (Corporation), 2 WASHINGTON SQ VILLAGE 1T NEW YORK, NY 10012; NYU REAL ESTATE CORP (Corporation), 70 WASHINGTON SQ SOUTH NEW YORK, NY 10012",5,0,2,0,,10,1920,2,40.7314896,-73.9951975,,,,2022,,,,,,,
21,WASHINGTON SQUARE NORTH,10011,MANHATTAN,103704,2024-09-06,2025-09-01,1005510010,1077885,29228,1,NEW YORK UNIVERSITY; NEW YORK UNIVESITY,22 ASTOR PLACE 6FLOOR 10003; 70 WASHINGTON SQUARE SOUTH 10003; 2 WASHINGTON SQ VILLAGE 1T 10012; 10 ASTOR PLACE 7FLOOR 10003,"DAVID ALONSO (Officer), ANGEL PERLAZA (Agent), ANGEL PERLAZA (SiteManager), LINDA CHIARELLI (HeadOfficer)","ANGEL PERLAZA (Agent), 2 WASHINGTON SQ VILLAGE 1T NEW YORK, NY 10012; LINDA CHIARELLI (HeadOfficer), 10 ASTOR PLACE 7FLOOR NEW YORK, NY 10003; DAVID ALONSO (Officer), 22 ASTOR PLACE 6FLOOR NEW YORK, NY 10003; ANGEL PERLAZA (SiteManager); NEW YORK UNIVERSITY (Corporation), 70 WASHINGTON SQUARE SOUTH NY, NY 10003; NEW YORK UNIVESITY (Corporation), 2 WASHINGTON SQ VILLAGE 1T NEW YORK, NY 10012",5,0,1,0,,7,1900,2,40.7321073,-73.9977485,,3,2,2022,-1,,,,,,
27,WASHINGTON SQUARE NORTH,10011,MANHATTAN,116188,2024-09-06,2025-09-01,1005510016,1008855,29234,1,NEW YORK UNIVERSITY,2 WASHINGTON SQ VILLAGE 1T 10012; 10 ASTOR PLACE 7FLOOR 10003; 70 WASHINGTON SQUARE NORTH 10003,"ANGEL PERLAZA (SiteManager), ANGEL PERLAZA (Agent), LINDA CHIARELLI (HeadOfficer), DAVID ALONSO (Officer)","ANGEL PERLAZA (Agent), 2 WASHINGTON SQ VILLAGE 1T NEW YORK, NY 10012; LINDA CHIARELLI (HeadOfficer), 10 ASTOR PLACE 7FLOOR NEW YORK, NY 10003; DAVID ALONSO (Officer), 10 ASTOR PLACE 7FLOOR NEW YORK, NY 10003; ANGEL PERLAZA (SiteManager); NEW YORK UNIVERSITY (Corporation), 70 WASHINGTON SQUARE NORTH NEW YORK, NY 10003; NEW YORK UNIVERSITY (Corporation), 2 WASHINGTON SQ VILLAGE 1T NEW YORK, NY 10012",4,0,52,0,,27,1898,2,40.7323488,-73.9982933,,9,0,2022,-9,,,2015120301245001,2015-12-01,20000000,2
35,WASHINGTON SQUARE WEST,10011,MANHATTAN,144406,2023-09-05,2024-09-30,1005520024,1008876,29247,2,NEW YORK UNIVERSITY,10 ASTOR PLACE 7FLOOR 10003; 10 ASTOR PLACE 10003; 10 ASTOR PLACE 6FLOOR 10003,"THOMAS CHING (SiteManager), THOMAS CHING (Agent), LINDA CHIARELLI (HeadOfficer), DAVID ALONSO (Officer)","THOMAS CHING (Agent), 10 ASTOR PLACE 7FLOOR NEW YORK, NY 10003; LINDA CHIARELLI (HeadOfficer), 10 ASTOR PLACE 7FLOOR NEW YORK, NY 10003; DAVID ALONSO (Officer), 10 ASTOR PLACE 6FLOOR NEW YORK, NY 10003; THOMAS CHING (SiteManager); NEW YORK UNIVERSITY (Corporation), 10 ASTOR PLACE 7FLOOR NEW YORK, NY 10003; NEW YORK UNIVERSITY (Corporation), 10 ASTOR PLACE NEW YORK, NY 10003",18,14,4,1,HEAT/HOT WATER (1),0,1955,2,40.7315803,-73.9995742,,,,2022,,,,,,,
37,WASHINGTON SQUARE WEST,10011,MANHATTAN,107715,2024-09-06,2025-09-01,1005520026,1008877,29248,1,NEW YORK UNIVERSITY,70 WASHINGTON SQ SOUTH 10012; 10 ASTOR PLACE 7FLOOR 10003; 10 ASTOR PLACE 6FLOOR 10003; 2 WASHINGTON SQ VILLAGE 1T 10012,"LINDA CHIARELLI (HeadOfficer), DAVID ALONSO (Officer), ANGEL PERLAZA (SiteManager), ANGEL PERLAZA (Agent)","ANGEL PERLAZA (Agent), 2 WASHINGTON SQ VILLAGE 1T NEW YORK, NY 10012; LINDA CHIARELLI (HeadOfficer), 10 ASTOR PLACE 7FLOOR NEW YORK, NY 10003; DAVID ALONSO (Officer), 10 ASTOR PLACE 6FLOOR NEW YORK, NY 10003; ANGEL PERLAZA (SiteManager); NEW YORK UNIVERSITY (Corporation), 2 WASHINGTON SQ VILLAGE 1T NEW YORK, NY 10012; NEW YORK UNIVERSITY (Corporation), 70 WASHINGTON SQ SOUTH NEW YORK, NY 10012",4,0,0,0,,63,1929,2,40.7313168,-73.9996789,,17,0,2022,-17,,,,,,1
29,WASHINGTON SQUARE WEST,10011,MANHATTAN,107716,2024-09-06,2025-09-01,1005520060,1008892,29243,1,NEW YORK UNIVERSITY,70 WASHINGTON SQ SOUTH 10003; 2 WASHINGTON SQ VILLAGE 1T 10012; 10 ASTOR PLACE 7FLOOR 10003; 10 ASTOR PLACE 6FLOOR 10003,"ANGEL PERLAZA (Agent), LINDA CHIARELLI (HeadOfficer), DAVID ALONSO (Officer), ANGEL PERLAZA (SiteManager)","ANGEL PERLAZA (Agent), 2 WASHINGTON SQ VILLAGE 1T NEW YORK, NY 10012; LINDA CHIARELLI (HeadOfficer), 10 ASTOR PLACE 7FLOOR NEW YORK, NY 10003; DAVID ALONSO (Officer), 10 ASTOR PLACE 6FLOOR NEW YORK, NY 10003; ANGEL PERLAZA (SiteManager); NEW YORK UNIVERSITY (Corporation), 70 WASHINGTON SQ SOUTH NEW YORK, NY 10003",26,8,26,0,,65,1927,2,40.7321018,-73.9990077,,15,0,2022,-15,,,,,,0
120,EAST 12TH STREET,10003,MANHATTAN,143597,2024-09-06,2025-09-01,1005560048,1087924,945881,1,NEW YORK UNIVERSITY,10 ASTOR PLACE 6FLOOR 10003; 10 ASTOR PLACE 7FLOOR 10003,"DAVID ALONSO (Officer), THOMAS CHING (SiteManager), THOMAS CHING (Agent), LINDA CHIARELLI (HeadOfficer)","THOMAS CHING (Agent), 10 ASTOR PLACE 7FLOOR NEW YORK, NY 10003; LINDA CHIARELLI (HeadOfficer), 10 ASTOR PLACE 7FLOOR NEW YORK, NY 10003; DAVID ALONSO (Officer), 10 ASTOR PLACE 6FLOOR NEW YORK, NY 10003; THOMAS CHING (SiteManager); NEW YORK UNIVERSITY (Corporation), 10 ASTOR PLACE 7FLOOR NEW YORK, NY 10003",2,0,4,2,HEAT/HOT WATER (2),0,2006,2,40.7321095,-73.9892656,,,,2022,,,,2005010301194001,2004-12-15,15080136,
110,EAST 14TH STREET,10003,MANHATTAN,142252,2024-09-06,2025-09-01,1005590012,1009072,837406,1,NEW YORK UNIVERSITY,10 ASTOR PLACE 7FLOOR 10003; 10 ASTOR PLACE 6 10003,"THOMAS CHING (Agent), DAVID ALONSO (Officer), LINDA CHIARELLI (HeadOfficer), THOMAS CHING (SiteManager)","THOMAS CHING (Agent), 10 ASTOR PLACE 7FLOOR NEW YORK, NY 10003; LINDA CHIARELLI (HeadOfficer), 10 ASTOR PLACE 7FLOOR NEW YORK, NY 10003; DAVID ALONSO (Officer), 10 ASTOR PLACE 6 NEW YORK, NY 10003; THOMAS CHING (SiteManager); NEW YORK UNIVERSITY (Corporation), 10 ASTOR PLACE 6 NEW YORK, NY 10003; NEW YORK UNIVERSITY (Corporation), 10 ASTOR PLACE 7FLOOR NEW YORK, NY 10003",1,0,3,0,,172,1998,2,40.7336932,-73.9892473,,,,2022,,,,,,,0
140,EAST 14TH STREET,10003,MANHATTAN,141977,2024-09-06,2025-09-01,1005590022,1085790,829405,1,NEW YORK UNIVERSITY,10 ASTOR PLACE 7FLOOR 10003; 10 ASTOR PLACE 6FLOOR 10003,"DAVID ALONSO (Officer), THOMAS CHING (Agent), LINDA CHIARELLI (HeadOfficer), THOMAS CHING (SiteManager)","THOMAS CHING (Agent), 10 ASTOR PLACE 7FLOOR NEW YORK, NY 10003; LINDA CHIARELLI (HeadOfficer), 10 ASTOR PLACE 7FLOOR NEW YORK, NY 10003; DAVID ALONSO (Officer), 10 ASTOR PLACE 6FLOOR NEW YORK, NY 10003; THOMAS CHING (SiteManager); NEW YORK UNIVERSITY (Corporation), 10 ASTOR PLACE 7FLOOR NEW YORK, NY 10003; NEW YORK UNIVERSITY (Corporation), 10 ASTOR PLACE 7FLOOR NEW YORK, NY 10003",1,1,4,2,"MOLD (1), HEAT/HOT WATER (1)",0,1999,2,40.7333089,-73.9882768,,,,2022,,,,,,,
787,BROADWAY,10003,MANHATTAN,132439,2024-09-06,2025-09-01,1005620030,1009112,8543,1,NEW YORK UNIVERSITY,10 ASTOR PLACE 6FLOOR 10003; 10 ASTOR PLACE 7FLOOR 10003,"THOMAS CHING (SiteManager), DAVID ALONSO (Officer), LINDA CHIARELLI (HeadOfficer), THOMAS CHING (Agent)","THOMAS CHING (Agent), 10 ASTOR PLACE 7FLOOR NEW YORK, NY 10003; LINDA CHIARELLI (HeadOfficer), 10 ASTOR PLACE 7FLOOR NEW YORK, NY 10003; DAVID ALONSO (Officer), 10 ASTOR PLACE 6FLOOR NEW YORK, NY 10003; THOMAS CHING (SiteManager); NEW YORK UNIVERSITY (Corporation), 10 ASTOR PLACE 7FLOOR NEW YORK, NY 10003",5,0,0,0,,0,1929,2,40.7320795,-73.9918166,,,,2022,,,,,,,
35,FIFTH AVENUE,10003,MANHATTAN,118901,2024-09-06,2025-09-01,1005680001,1009250,2783,1,NEW YORK UNIVERSITY,10 ASTOR PLACE 7FLOOR 10003; 10 ASTOR PLACE 6FLOOR 10003,"THOMAS CHING (SiteManager), THOMAS CHING (Agent), LINDA CHIARELLI (HeadOfficer), DAVID ALONSO (Officer)","THOMAS CHING (Agent), 10 ASTOR PLACE 7FLOOR NEW YORK, NY 10003; LINDA CHIARELLI (HeadOfficer), 10 ASTOR PLACE 7FLOOR NEW YORK, NY 10003; DAVID ALONSO (Officer), 10 ASTOR PLACE 6FLOOR NEW YORK, NY 10003; THOMAS CHING (SiteManager); NEW YORK UNIVERSITY (Corporation), 10 ASTOR PLACE 7FLOOR NEW YORK, NY 10003",5,0,1,0,,0,1925,2,40.7334548,-73.9950134,,,,2022,,,,,,,
25,UNION SQUARE,10003,MANHATTAN,140590,2024-09-06,2025-09-01,1008430022,1087304,805419,3,NEW YORK UNIVERSITY,10 ASTOR PLACE 6FLOOR 10003; 10 ASTOR PLACE 7FLOOR 10003,"DAVID ALONSO (Officer), THOMAS CHING (Agent), LINDA CHIARELLI (HeadOfficer), THOMAS CHING (SiteManager)","THOMAS CHING (Agent), 10 ASTOR PLACE 7FLOOR NEW YORK, NY 10003; LINDA CHIARELLI (HeadOfficer), 10 ASTOR PLACE 7FLOOR NEW YORK, NY 10003; DAVID ALONSO (Officer), 10 ASTOR PLACE 6FLOOR NEW YORK, NY 10003; THOMAS CHING (SiteManager); NEW YORK UNIVERSITY (Corporation), 10 ASTOR PLACE 7FLOOR NEW YORK, NY 10003",6,0,9,3,"HEAT/HOT WATER (2), MOLD (1)",0,1986,2,40.7364162,-73.9915094,,,,2022,,,,,,,
310,THIRD AVENUE,10010,MANHATTAN,143260,2024-09-06,2025-09-01,1008797502,1087902,917682,1,NEW YORK UNIVERSITY,10 ASTOR PLACE 7FLOOR 10003; 10 ASTOR PLACE 6FLOOR 10003; 10 ASTOR PLACE 7FLOOR 100030000,"LINDA CHIARELLI (HeadOfficer), DAVID ALONSO (Officer), THOMAS CHING (SiteManager), THOMAS CHING (Agent)","THOMAS CHING (Agent), 10 ASTOR PLACE 7FLOOR NEW YORK, NY 100030000; LINDA CHIARELLI (HeadOfficer), 10 ASTOR PLACE 7FLOOR NEW YORK, NY 10003; DAVID ALONSO (Officer), 10 ASTOR PLACE 6FLOOR NEW YORK, NY 10003; THOMAS CHING (SiteManager); NEW YORK UNIVERSITY (Corporation), 10 ASTOR PLACE 7FLOOR NEW YORK, NY 10003; NEW YORK UNIVERSITY (Corporation), 10 ASTOR PLACE 7FLOOR NEW YORK, NY 100030000",8,0,21,0,,0,2006,2,40.7392753,-73.9831949,,,,2022,,,,,,,
101,JOHNSON STREET,11201,BROOKLYN,387201,2024-09-06,2025-09-01,3001310025,3000244,977759,1,NEW YORK UNIVERSITY,10 ASTOR PLACE 7FLOOR 10003; 10 ASTOR PLACE 6FLOOR 10003,"THOMAS CHING (Agent), DAVID ALONSO (Officer), LINDA CHIARELLI (HeadOfficer), THOMAS CHING (SiteManager)","THOMAS CHING (Agent), 10 ASTOR PLACE 7FLOOR NEW YORK, NY 10003; LINDA CHIARELLI (HeadOfficer), 10 ASTOR PLACE 7FLOOR NEW YORK, NY 10003; DAVID ALONSO (Officer), 10 ASTOR PLACE 6FLOOR NEW YORK, NY 10003; THOMAS CHING (SiteManager); NEW YORK UNIVERSITY (Corporation), 10 ASTOR PLACE 7FLOOR NEW YORK, NY 10003",4,0,1,0,,0,2002,33,40.6952169,-73.9863289,,,,2022,,,,,,,